"outcome","event_pretrend_wald_p"
"log_sales",5.285764623700346e-42
"log_transactions",2.8690613309179207e-42
"night_share",2.3445333690361736e-59
"night_tx_share",7.812135621781331e-51
