"treated","post","avg_daily_riders"
0,0,37495.184187522435
0,1,39809.60968475852
1,0,79703.58658815808
1,1,73623.13885784087
