"domain","spec","outcome","term","coef","se","p_value","ci_low","ci_high","effect","ci_low_effect","ci_high_effect","effect_scale","n_obs","n_units","notes"
"subway_existing_lines","base_two_way_fe","log_avg_daily_riders","did",-0.11672832601411415,0.058342004717864195,0.05685257833777756,-0.23714030563380953,0.003683653605581233,-11.017309684970577,-21.111940413957754,0.3690446595971064,"percent",2075,25,"Unit and month fixed effects."
"subway_existing_lines","plus_covid_diff","log_avg_daily_riders","did",-0.12148440780851542,0.07528793299044426,0.11968771459343983,-0.27687106441544046,0.033902248798409626,-11.439513823820036,-24.184775638841305,3.4483479782384086,"percent",2075,25,"Adds treated-by-COVID-period level shift."
"subway_existing_lines","plus_baseline_x_post","log_avg_daily_riders","did",-0.12796215610280637,0.04758704402577633,0.012825499495672372,-0.22617698781973566,-0.029747324385877086,-12.011332314447676,-20.242307222850485,-2.9309227548689254,"percent",2075,25,"Adds pre-COVID baseline ridership interacted with post."
"subway_existing_lines","plus_unit_linear_trend","log_avg_daily_riders","did",-0.08586804414986535,0.05321682234048815,0.11969786353532907,-0.195702167232813,0.023966078933082308,-8.228467886390401,-17.77429066816445,2.4255573459492696,"percent",2075,25,"Adds station-line-specific linear trends."
"subway_existing_lines","combined_controls","log_avg_daily_riders","did",-0.08762157466547257,0.039799237760917754,0.0375507333992022,-0.16976316423412252,-0.005479985096822626,-8.389251058117697,-15.613534973768829,-0.5464997368499036,"percent",2075,25,"Combines COVID shift, baseline-post, and unit trends."
